{
  "san-francisco": [37.776439,-122.394323],
  "22nd-street" : [37.757674, -122.392636],
  "bayshore" : [37.709544, -122.401318],
  "so-san-francisco" : [37.655852, -122.405429],
  "san-bruno" : [37.631106, -122.412018],
  "millbrae" : [37.600006, -122.386534],
  "broadway" : [37.587466, -122.363233],
  "burlingame" : [37.579719, -122.345266],
  "san-mateo" : [37.568209, -122.323933],
  "hayward-park" : [37.552346, -122.308916],
  "hillsdale" : [37.537503, -122.298001],
  "belmont" : [37.520504, -122.276075],
  "san-carlos" : [37.507361, -122.260365],
  "redwood-city" : [37.485412, -122.231957],
  "atherton" : [37.464349, -122.198106],
  "menlo-park" : [37.454604, -122.182518],
  "palo-alto" : [37.44307, -122.1649],
  "california-ave" : [37.428835, -122.142703],
  "san-antonio" : [37.407157, -122.107231],
  "mountain-view" : [37.393879, -122.076327],
  "sunnyvale" : [37.378427, -122.030742],
  "lawrence" : [37.370815, -121.997258],
  "santa-clara" : [37.3530551, -121.9366709],
  "college-park": [37.3416543,-121.9145136],
  "san-jose-diridon" : [37.329754, -121.90185],
  "tamien" : [37.31164, -121.8839],
  "capitol" : [37.284359, -121.841589],
  "blossom-hill" : [37.252801, -121.797369],
  "morgan-hill" : [37.129081, -121.650721],
  "san-martin" : [37.085775, -121.610809],
  "gilroy" : [37.00545, -121.567076]
}
